Label,Cosine Similarity,ROUGE-1 F1,ROUGE-2 F1,ROUGE-L F1
Scenario 4 vs Source,0.24552839768791984,0.389261744966443,0.09523809523809525,0.22818791946308722
Scenario 5 vs Source,0.34958259215262916,0.4926108374384236,0.1890547263681592,0.19704433497536947
Scenario 4 vs Benchmark,0.2046754902545105,0.3356643356643357,0.014184397163120567,0.13986013986013987
Scenario 5 vs Benchmark,0.4521844384546106,0.4263959390862944,0.11282051282051281,0.24365482233502533
