Label,Cosine Similarity,ROUGE-1 F1,ROUGE-2 F1,ROUGE-L F1
Scenario 4 vs Source,0.4016772650653556,0.1811414392059553,0.04228855721393034,0.10421836228287841
Scenario 5 vs Source,0.5423551839799491,0.18020304568527917,0.08396946564885495,0.10152284263959391
Scenario 4 vs Benchmark,0.2557612511213376,0.2631578947368421,0.04,0.14473684210526316
Scenario 5 vs Benchmark,0.18395998217497422,0.1791044776119403,0.0,0.11940298507462685
