Label,Cosine Similarity,ROUGE-1 F1,ROUGE-2 F1,ROUGE-L F1
Scenario 4 vs Source,0.3894039746551928,0.4729729729729729,0.1506849315068493,0.2702702702702703
Scenario 5 vs Source,0.5350767324569596,0.5106382978723405,0.24034334763948498,0.2127659574468085
Scenario 4 vs Benchmark,0.2877450023107538,0.3759398496240602,0.12213740458015267,0.21052631578947367
Scenario 5 vs Benchmark,0.382659154091414,0.2909090909090909,0.09174311926605505,0.13636363636363635
